map,fail replays,reach 0,median fail,mistakes in final drain,miss,bad: wrong direction,bad: wrong saber,bad: too slow,bomb,cut=diagonal,cut=horizontal,cross=True,band=>=350,reach=long reach,flow=angle change
Godspeed Ex,369,100%,0:48,1938,73%,19%,8%,0%,0%,80% vs 34%,0% vs 0%,0% vs 0%,55% vs 9%,0% vs 0%,4% vs 13%
Godspeed E+,380,100%,0:48,1996,81%,13%,6%,0%,0%,66% vs 38%,0% vs 3%,14% vs 7%,48% vs 11%,22% vs 14%,27% vs 30%
Extratongue E+,379,100%,0:23,1964,81%,15%,4%,0%,0%,35% vs 24%,0% vs 0%,0% vs 0%,73% vs 24%,0% vs 1%,13% vs 25%
414 PER SPEED E+,384,100%,0:36,1880,75%,19%,5%,0%,0%,77% vs 55%,0% vs 2%,0% vs 1%,91% vs 32%,0% vs 1%,5% vs 16%
Dual Doom E+,374,95%,0:30,1971,70%,16%,13%,0%,1%,38% vs 34%,24% vs 17%,16% vs 7%,7% vs 4%,25% vs 19%,37% vs 46%
SLIDE THE BPM E+,392,100%,0:21,2044,75%,18%,7%,0%,0%,41% vs 25%,0% vs 1%,0% vs 2%,77% vs 40%,6% vs 11%,25% vs 26%
Kannabis E+,159,99%,3:19,791,69%,25%,6%,0%,0%,51% vs 27%,8% vs 3%,9% vs 1%,0% vs 0%,15% vs 9%,14% vs 35%
Sound Chimera 4cbd0,60,98%,0:40,306,73%,23%,4%,0%,0%,30% vs 28%,3% vs 6%,2% vs 3%,60% vs 20%,6% vs 10%,31% vs 34%
Sound Chimera 2c00e,396,100%,0:47,1947,76%,20%,3%,0%,0%,35% vs 29%,5% vs 0%,0% vs 0%,92% vs 28%,0% vs 1%,22% vs 40%
Calamitous Demise E+,172,100%,0:54,844,80%,14%,6%,0%,0%,43% vs 41%,0% vs 1%,3% vs 1%,87% vs 33%,6% vs 8%,23% vs 31%
Feral E+,388,100%,1:35,2051,72%,22%,5%,0%,1%,45% vs 30%,10% vs 6%,24% vs 7%,0% vs 0%,43% vs 13%,35% vs 41%
Superluminal E+,390,100%,0:56,1980,78%,18%,4%,0%,0%,23% vs 26%,0% vs 0%,0% vs 0%,83% vs 35%,2% vs 2%,20% vs 27%
