curve,source,0.90,0.93,0.95,0.97,0.98
Curve2 (production),ML (production predictedAcc),0.1096915343308766,0.10238526698417263,0.09199307646056253,0.07369905541676686,0.09847724737613202
Curve2 (production),"algo: 8 swing features, linear",0.10871518357360833,0.11887380554779776,0.11739779825605186,0.08783295192518666,0.07808238748084384
Curve2 (production),"algo: all swing aggregates, linear",0.09712854801744684,0.11175577754029559,0.1121353185026197,0.07944698800079714,0.05961835080393498
Curve2 (production),ML + 8 swing features,0.10687683749339391,0.11760736871728936,0.1152742873444278,0.08085956654001068,0.06779251415570865
Curve2 (production),oracle (score-implied d_j),0.08077621769749946,0.10059820050876757,0.10176394662002303,0.06013923894557288,0.008608681944307885
power law gamma=0.57,ML (production predictedAcc),0.09708920681235655,0.09708920681235655,0.09708920681235657,0.09708920681235655,0.09708920681235654
power law gamma=0.57,"algo: 8 swing features, linear",0.07031527795726374,0.07031527795726374,0.07031527795726374,0.07031527795726376,0.07031527795726374
power law gamma=0.57,"algo: all swing aggregates, linear",0.052833607682478835,0.052833607682478835,0.052833607682478835,0.05283360768247884,0.05283360768247884
power law gamma=0.57,ML + 8 swing features,0.062067096987560716,0.06206709698756071,0.062067096987560716,0.06206709698756073,0.06206709698756072
power law gamma=0.57,oracle (score-implied d_j),1.2154254945286102e-15,1.2397048316893177e-15,1.2855094390173792e-15,1.3894461314704149e-15,1.6045923858986434e-15
