source,curve,pass_mult,tech_mult,within_star_bias_sd,bias_vs_stars_slope,spearman_vs_prod,top100_overlap,top100_pp_ratio,top1000_change_sd,top1000_change_p5,top1000_change_p95,share_pass,share_acc,share_tech
ML,curve2,1.0,1.0,0.0854428725366163,0.07305972054026544,1.0,100,1.0,0.0,1.0,1.0,0.24967342057936562,0.6946377006544469,0.055688878766187576
ML,curve2,0.9,1.0,0.0844461435510391,0.07128008896869656,0.9999324655733242,95,0.9671865552302285,0.006582224226147295,0.9552490093352813,0.9768043630198561,0.22263851685441674,0.7188250137970694,0.058536469348513885
ML,curve2,0.8,1.0,0.08364525833604501,0.06902433907703683,0.9997316549711838,93,0.9369453359906488,0.012756076084764686,0.9133140446220733,0.9551217526336369,0.1954311813258274,0.7429787618941122,0.06159005678006031
ML,curve2,1.0,0.7,0.0890163542823323,0.07360228664993296,0.9999715843515382,99,0.9822727397881594,0.005459283840891216,0.9685255710347869,0.9855961418198981,0.2564114656651407,0.7061031994688061,0.037485334866053224
ML,curve2,0.9,0.7,0.08773190250641533,0.07150381597853857,0.9999112655632508,97,0.9492169939852677,0.006744998508468339,0.9329707601365226,0.954007656033925,0.22914658341481065,0.7315836499626202,0.039269766622569265
ML,power,1.0,1.0,0.08122685895819855,0.051020564616800115,0.9977992839107122,89,1.041635452145173,0.03724191312428146,0.9542091319622593,1.069879094823684,0.22817175439208748,0.7191086109038356,0.05271963470407692
ML,power,0.9,1.0,0.079701855969804,0.047481586255387516,0.9970670463753478,86,1.0120676563288846,0.042728086902406134,0.9133441234192462,1.048088589734858,0.2009446240356658,0.7443141657824396,0.05474121018189461
ML,power,0.8,1.0,0.07772012135935444,0.04342302263143444,0.9961480872976314,84,0.9850733970931558,0.04824281309101516,0.874179305265379,1.0276845606428333,0.17352545474881775,0.7696775486920374,0.05679699655914493
ML,power,1.0,0.7,0.08388049346923254,0.05022660116240206,0.9976019370842769,89,1.024866760845193,0.03856582513307856,0.9321239377136867,1.0476189672019438,0.23280478337246482,0.7316205661426082,0.03557465048492706
ML,power,0.9,0.7,0.08210426652435984,0.04623929371595709,0.9968326999489598,86,0.9952148120113224,0.0437247408290652,0.8919812689754014,1.0277935612194982,0.2053016746017548,0.757882847608119,0.03681547779012618
algo8,curve2,1.0,1.0,0.09419280113533708,0.0764830111916185,0.9989147794627179,93,1.130198263880665,0.024951006750645776,1.0710893534944308,1.1492026572781517,0.23114354906617676,0.7093307288200323,0.059525722113790945
algo8,curve2,0.9,1.0,0.09350467680764338,0.07585187642860351,0.999103449272677,93,1.0961102324126222,0.025443970460405006,1.0324805259767698,1.112785946116975,0.2069670503086028,0.7306590537234545,0.0623738959679425
algo8,curve2,0.8,1.0,0.09326355810865346,0.07488045123290729,0.9991861840938573,92,1.0640939202704172,0.027344744947377424,0.9946052649338666,1.0818277477120972,0.1830882333032237,0.7517553372303625,0.06515642946641384
algo8,curve2,1.0,0.7,0.0958729025676519,0.07759171406203394,0.9989644488762661,93,1.1079155001503966,0.022288507073471384,1.048691711203573,1.118880157072253,0.2381114259278248,0.7212204926163934,0.04066808145578164
algo8,curve2,0.9,0.7,0.09590072813758985,0.0766367786474413,0.9991780296536976,93,1.0735628404494053,0.02203553639411626,1.012996359539618,1.082096336038169,0.21345369324139293,0.7438914326687345,0.04265487408987247
algo8,power,1.0,1.0,0.091808416532095,0.05776312619699239,0.9984755279930094,94,1.1683306447476594,0.04317227301396113,1.0390856663793215,1.1763750196534262,0.2196444092398225,0.7227368919876245,0.05761869877255304
algo8,power,0.9,1.0,0.08955886007694541,0.055672359405530676,0.998146672363422,92,1.1350945785344995,0.04693766301319424,0.9968907376065529,1.1452582254080226,0.19608403332973542,0.7439425696352319,0.05997339703503297
algo8,power,0.8,1.0,0.08937467957847474,0.05335982408694198,0.9976605500870439,92,1.1040503882574784,0.050984343179231055,0.9577631706344594,1.1187870921762368,0.172577316689711,0.764932927006638,0.06248975630365094
algo8,power,1.0,0.7,0.09285940414198988,0.05778669440258489,0.9984327476743107,95,1.1462761248906888,0.04257582231707355,1.0165468774265922,1.153355108076321,0.22555638316324678,0.7349604047820428,0.0394832120547106
algo8,power,0.9,0.7,0.0916467767057875,0.055415549386588936,0.9980913134364139,94,1.1128622622445763,0.04609721953698889,0.9759560132896793,1.1216259395218062,0.20148551071376974,0.7574096230984931,0.04110486618773729
algoAll,curve2,1.0,1.0,0.08785845298383961,0.07674200011037435,0.9983496270815959,92,1.122228009631903,0.025722346436579727,1.059176748249353,1.138919779362325,0.23330015196155163,0.7090957461034338,0.057604101935014314
algoAll,curve2,0.9,1.0,0.08612919381525445,0.07588376359728854,0.9985970512710137,93,1.0878006034748375,0.023780004943546686,1.0292141914855224,1.1025697732275974,0.20832844276168572,0.7312263358734082,0.06044522136490609
algoAll,curve2,0.8,1.0,0.08578929238158065,0.07465914620462287,0.99873771879135,92,1.0555801827862754,0.02359811997245065,0.9976679185655046,1.0702492344318566,0.18425370329238758,0.7523380047308308,0.06340829197678145
algoAll,curve2,1.0,0.7,0.08893227358446563,0.07742169044075796,0.9983653238367757,94,1.1008819875138447,0.02487231964459021,1.035079127183178,1.112148614502529,0.2401549650179827,0.7207078815438759,0.03913715343814125
algoAll,curve2,0.9,0.7,0.08800457806443795,0.07644446765857928,0.9986413304369575,95,1.066116076630934,0.02184286904144658,1.005907365721781,1.073273351626395,0.21496883987539406,0.7438849397062715,0.04114622041833449
algoAll,power,1.0,1.0,0.08229138851496107,0.05711437003153305,0.9984310123737127,96,1.1615746076612536,0.03744089471169394,1.045128410520061,1.1662699513422967,0.22224284017210114,0.7214940220441126,0.05626313778378622
algoAll,power,0.9,1.0,0.08006456564902684,0.055110809561932955,0.9981748522509722,93,1.1280110799507708,0.04007115814171793,1.0051593904677318,1.132155239988373,0.19842082681129716,0.7428510191738598,0.05872815401484312
algoAll,power,0.8,1.0,0.07807759050603982,0.052839968835935114,0.9977617617263497,92,1.0966914353041584,0.04334256167659742,0.9655874796364821,1.1017726741465104,0.17473769958293575,0.7640813525920938,0.06118094782497059
algoAll,power,1.0,0.7,0.08246340663051692,0.057002609908586056,0.9983837750408748,97,1.1403607426347333,0.03766401849378979,1.0219307313401722,1.1431210342156792,0.22862210251110063,0.7330850628037745,0.038292834685124705
algoAll,power,0.9,0.7,0.08008877589888419,0.054784512325559774,0.998121301425303,95,1.1064896185206603,0.03979715662741522,0.9833339143277362,1.1110811115792414,0.20398094633197522,0.755952571300044,0.04006648236798088
