lb_id,obs_top,obs_mid,ml
100e711,0.9123655557632446,0.5928143262863159,0.894065628123656
100e731,0.8492329716682434,0.5410028696060181,0.8473544109899328
100e771,0.789897084236145,0.5202218890190125,0.7696240170722891
1013a51,0.7860573530197144,0.5944657325744629,0.7773221166894841
102e211,0.9384920597076416,0.7106481194496155,0.9080643587083332
102e291,0.8674068450927734,0.5724838376045227,0.8335821987565789
103fb31,0.9054664969444275,0.61225825548172,0.8991095218520407
1040571,0.8534361720085144,0.5745266079902649,0.8390917543529641
1044e31,0.9248029589653015,0.6816027164459229,0.8991264332635135
1047311,0.9188740253448486,0.6816766262054443,0.9122049510238096
1047331,0.901022732257843,0.6377166509628296,0.8932430864636364
106a391,0.7612138390541077,0.5277572870254517,0.7730482259334615
1079371,0.8686963319778442,0.5573548674583435,0.8591305641185567
107ab71,0.7706632614135742,0.5613658428192139,0.7860375766832817
107ab91,0.751214861869812,0.5382462739944458,0.7767079120277335
108c671,0.7763221859931946,0.5092671513557434,0.7872499385438702
108f571,0.829272449016571,0.5455540418624878,0.8432655946748047
108f591,0.7822496294975281,0.5377652645111084,0.8105861753778973
1090851,0.8219178318977356,0.558994710445404,0.8198021499929985
109e891,0.7971932888031006,0.5049285888671875,0.7919003024762732
10a3471,0.8906844854354858,0.6325098276138306,0.8664831844738095
10a9391,0.7620202302932739,0.5079057216644287,0.7560247012951244
10cf131,0.9010328054428101,0.6284688711166382,0.8940118175032051
10cf171,0.8416666984558105,0.5210649371147156,0.8239123114583333
10d0831,0.8924088478088379,0.519444465637207,0.8729234592953125
10d0871,0.7437556982040405,0.5189507007598877,0.741921053139423
10d0891,0.7485629320144653,0.49904558062553406,0.7509079522922454
10de71,0.8393154740333557,0.5424150824546814,0.8490462192571429
10e0891,0.7271175384521484,0.4686756134033203,0.7717517049392646
10f8751,0.8174220323562622,0.5424343943595886,0.8259834044799548
10f8791,0.7416911721229553,0.5487613081932068,0.7635909039348195
119f051,0.7920833826065063,0.5478436350822449,0.7987001239160714
11b4951,0.8599593639373779,0.5862812399864197,0.8479302916270325
11b4971,0.8203245401382446,0.496794730424881,0.8217866422859195
11b6291,0.7904412150382996,0.4967654049396515,0.8099514425995105
11bde11,0.8960069417953491,0.6605411171913147,0.9033073685304487
11bde31,0.8678159117698669,0.5391682386398315,0.8798633449548066
11c7771,0.8340857028961182,0.5496784448623657,0.8336023485717592
11c9c31,0.910995364189148,0.7183899283409119,0.9161956840000001
11c9c51,0.8815231919288635,0.6585795283317566,0.8849573918167808
11c9c91,0.754753589630127,0.4877757430076599,0.7894922196624512
11cc851,0.8507260680198669,0.5868926048278809,0.8509593419867425
11dcb91,0.7582465410232544,0.5212298035621643,0.7780970319618943
11e3d91,0.8583747148513794,0.5571866631507874,0.8317727443029801
120a871,0.8521117568016052,0.511863112449646,0.8337382464227272
1216291,0.8241584897041321,0.4789702296257019,0.798074953505588
122b791,0.8107291460037231,0.5904167294502258,0.8006047744573864
1245e11,0.8990740776062012,0.6752707958221436,0.9170271123555556
1245e51,0.8606728315353394,0.5731121301651001,0.8732664919713115
1245e71,0.8532806634902954,0.5470989346504211,0.8553665143563218
124ea31,0.875868022441864,0.6430714130401611,0.857920066046131
124ea71,0.8095467686653137,0.611819863319397,0.7896294934004121
126bd11,0.8910374045372009,0.6363237500190735,0.8835794372160714
127ec91,0.7668722867965698,0.476491242647171,0.7515650016403509
128ea11,0.9258771538734436,0.6913706660270691,0.9095628574166666
128ea31,0.8969047665596008,0.6498122215270996,0.8896467753796875
128ea51,0.8530189394950867,0.5858378410339355,0.8555718983252314
12a6b51,0.8679131269454956,0.5805196762084961,0.8572752983846154
12ab351,0.8735309839248657,0.5483224987983704,0.8527398612510684
12af011,0.8759039044380188,0.6380248665809631,0.8729111495601852
12b2711,0.9557291865348816,0.7689815163612366,0.9266421036875
12b6251,0.8381316065788269,0.5061761736869812,0.832037618136811
12b6291,0.7554965019226074,0.48176687955856323,0.7618875439357612
12bdb91,0.7599828839302063,0.5282055735588074,0.7706198312453449
12c0c51,0.8902314901351929,0.592718780040741,0.886152016975
12cab71,0.865667998790741,0.5170480608940125,0.8466852913916285
12cac91,0.77287358045578,0.5142160058021545,0.769893998810825
12cca91,0.742125928401947,0.4831419289112091,0.7545059583169476
12ccf91,0.7728152871131897,0.5341580510139465,0.7507092008222713
12cf331,0.8486256003379822,0.5200117230415344,0.8369442438003473
12d9671,0.8196015954017639,0.5143811702728271,0.8273020741888686
12df451,0.9135841727256775,0.6149899959564209,0.9001674059260204
12f3331,0.8697136044502258,0.5660457015037537,0.8649830472625
12f3391,0.7598861455917358,0.4975503385066986,0.772196871390528
12fae91,0.7518289089202881,0.5012779831886292,0.7476124158602954
1305131,0.8407386541366577,0.4998526871204376,0.8386553115759409
1306931,0.8934709429740906,0.5971197485923767,0.8811265216897322
130c071,0.8700320720672607,0.6451880931854248,0.8316778582233727
130c091,0.8054863810539246,0.5674019455909729,0.782309222406015
1329231,0.8824788331985474,0.5902079939842224,0.8740942459541016
1329291,0.7816649675369263,0.5673925280570984,0.7654615477851315
132cb51,0.8310605883598328,0.5654605031013489,0.839300891945707
132cb91,0.7669709324836731,0.5691628456115723,0.7636199744691011
132d631,0.8446776270866394,0.5634924173355103,0.8601510064187956
132d671,0.8090204000473022,0.557965099811554,0.791342299899468
132e951,0.8730238676071167,0.5574557781219482,0.8530893158999999
1374b11,0.883190393447876,0.6903941035270691,0.8827908299044117
1374b71,0.7823567986488342,0.5137523412704468,0.780731783009375
1375791,0.8134704232215881,0.485777884721756,0.8049748606730769
138ba51,0.7885138988494873,0.5485458970069885,0.7777571515968587
138ba71,0.8031912446022034,0.5410326719284058,0.7850029476719652
138da91,0.7698086500167847,0.4930519461631775,0.7987284236402884
13b1751,0.8714786767959595,0.5935789346694946,0.8582246258831521
13b1771,0.8366268873214722,0.5608448386192322,0.8162528670924081
13b2b71,0.7475730776786804,0.5699934959411621,0.7514490228563144
13bd331,0.8528261184692383,0.5919609665870667,0.8365978404336957
13bd371,0.7857626080513,0.575181782245636,0.7825104785508529
13bd391,0.7492702603340149,0.5493013262748718,0.7653715031530748
13de611,0.9013480544090271,0.7037402391433716,0.9027926260183824
13fe111,0.8830873966217041,0.6216096878051758,0.8788069775295139
13fe191,0.7763123512268066,0.6128747463226318,0.7849080367605933
13fe811,0.926467776298523,0.7422547340393066,0.8996938448939394
13fe851,0.8431598544120789,0.5741658806800842,0.8500619021527435
144bc11,0.9216450452804565,0.7072669863700867,0.917763220159091
144bc91,0.7847617268562317,0.5332162380218506,0.7862653002739521
1499b71,0.7359222769737244,0.5737133622169495,0.7691803931677152
14b3411,0.8722018599510193,0.5911046862602234,0.8727275442040598
14bd31,0.9091984629631042,0.6118811964988708,0.9063520728601694
14c5111,0.8825255632400513,0.7022631168365479,0.8817461475357143
14c5191,0.7534205913543701,0.5687000751495361,0.7721366679991554
1530091,0.7390742301940918,0.4853639602661133,0.7545828379549213
1542111,0.9295699000358582,0.809892475605011,0.9129942792903226
1542151,0.8979900479316711,0.6149438619613647,0.8861596783714789
1542171,0.8702104091644287,0.6002899408340454,0.8467574032499999
158ce31,0.8601809740066528,0.5635827779769897,0.8558912291906934
15b6e91,0.778102457523346,0.5276523232460022,0.7988926271087743
15f7491,0.8490785360336304,0.5732525587081909,0.8245728781153846
1661c91,0.7567768096923828,0.4932079315185547,0.7741732098954089
166591,0.8025604486465454,0.5333892703056335,0.8237597285456588
1667f91,0.7840119004249573,0.5409358739852905,0.7925996077891246
166c51,0.9107351899147034,0.6414223313331604,0.9067229449451755
1671191,0.7766157388687134,0.5155907869338989,0.7845805957443183
1677a11,0.9391543865203857,0.6804410815238953,0.9266798704485294
167a591,0.7590883374214172,0.46296587586402893,0.7850676159575977
167ef71,0.7939594984054565,0.5454475283622742,0.8071856503757184
1685831,0.906525731086731,0.6751026511192322,0.8995794510496323
1687f91,0.8296256065368652,0.5521062016487122,0.800181748618007
1689a51,0.8299139142036438,0.5414174795150757,0.8370477176358695
1689a91,0.8083525896072388,0.5353627800941467,0.7901815619415323
168d051,0.8767361044883728,0.6120597124099731,0.8780771057343749
168d071,0.8301807045936584,0.553717851638794,0.8488162674137169
168de51,0.8983526825904846,0.572584331035614,0.8724583744186046
1694e11,0.9100490808486938,0.723435640335083,0.9049944047169117
1694e51,0.8648555874824524,0.5643914341926575,0.8641597383792614
1694e91,0.7478146553039551,0.4985450506210327,0.7613364058321432
1694f11,0.9264761805534363,0.7139999866485596,0.913066245605
1695b11,0.9175072908401489,0.728844940662384,0.9025869577467105
1695b91,0.7881944179534912,0.5154978036880493,0.7721139300204678
1695f31,0.9100574851036072,0.6986926198005676,0.8959200847392241
1695f91,0.7878764271736145,0.4907318651676178,0.7580978153364865
1696091,0.7974727153778076,0.5426229238510132,0.8155719594767933
1699171,0.8082235455513,0.5821648836135864,0.7925838026983022
169b131,0.8901278972625732,0.6235798001289368,0.8563100156335227
169b491,0.7261551022529602,0.5174078345298767,0.7485846718719059
16a5e91,0.8369263410568237,0.5436141490936279,0.8108069583061595
16abf11,0.9410472512245178,0.6909611225128174,0.928735129972973
16b051,0.8895833492279053,0.5867788791656494,0.8915617014983334
16b0591,0.7353988289833069,0.5307955741882324,0.7587578481846348
16b071,0.8194484710693359,0.49702513217926025,0.842878087735294
16b3391,0.7632743120193481,0.4945468306541443,0.7594023106736726
16bb191,0.8026424646377563,0.5516532063484192,0.7793645344080882
16c5631,0.880018949508667,0.6420808434486389,0.8792381719943182
16d0791,0.7624713778495789,0.5399138331413269,0.7741621017880204
16d2f11,0.8952189087867737,0.6053176522254944,0.8936608911985887
16d2f71,0.7764207124710083,0.4896150827407837,0.794855506699882
16e93x91,0.7332661747932434,0.5320714712142944,0.7591305504827189
16e9711,0.8887009620666504,0.5653741359710693,0.8749242208026317
16e9771,0.8127545714378357,0.5127984881401062,0.8116890381838234
1716411,0.9037381410598755,0.6944500207901001,0.9206679029775
1716431,0.8987119197845459,0.6648605465888977,0.9026959106086065
1716471,0.8540178537368774,0.5710666179656982,0.8548927616439732
1743491,0.7843639254570007,0.5058889389038086,0.7925512361070479
176e391,0.7616946697235107,0.5258913040161133,0.7680105563156717
1770751,0.9161545634269714,0.6689478754997253,0.8856310445802084
1791451,0.8538805842399597,0.5336528420448303,0.8290791093292253
1791491,0.7750394344329834,0.5739268660545349,0.7675779644763258
17a7031,0.8681760430335999,0.6165263652801514,0.8673422129006696
17b8891,0.7810643911361694,0.5243969559669495,0.7711774086850247
17d71,0.810052216053009,0.5056837201118469,0.8755767061310203
17dc491,0.8441140055656433,0.5327844023704529,0.8341592738900602
17e0291,0.7602568864822388,0.562720000743866,0.7696403528008309
17e471,0.8416563868522644,0.6001111268997192,0.8122929975563323
1820a51,0.8593894839286804,0.6096904277801514,0.8397019868645833
1821831,0.8650320768356323,0.5804901123046875,0.8774989355575397
182bc71,0.8754865527153015,0.4784170985221863,0.8654670440928143
182c291,0.7803179025650024,0.5221332907676697,0.7874341153229696
184df31,0.9117646813392639,0.7047524452209473,0.9014198481960785
1877491,0.8177570700645447,0.5148373246192932,0.8143489835262605
188b131,0.9151418209075928,0.5965856313705444,0.9125126697373596
188b171,0.8475227355957031,0.5300027132034302,0.849673631625
188ba71,0.8613694310188293,0.5018354058265686,0.8425440127736281
188ed11,0.8826255202293396,0.6182505488395691,0.8641526606385135
188ed71,0.7862558364868164,0.582081139087677,0.7840442486354167
1895891,0.8165599703788757,0.5219606757164001,0.8090071654294363
1895f31,0.8970630168914795,0.7196163535118103,0.8910608609340278
18a9271,0.8364348411560059,0.5842945575714111,0.8315575621494361
18aba71,0.8082404136657715,0.5380042791366577,0.8165233954204429
18d2591,0.8150576949119568,0.5355308055877686,0.8188653201863839
18d3e11,0.9203416109085083,0.7151405215263367,0.9043746111195652
18d3e71,0.843936026096344,0.5803133249282837,0.814341843657738
18f6291,0.774436891078949,0.5512904524803162,0.7672957953665541
18fdf11,0.9498677253723145,0.7892592549324036,0.9340896142916666
1905931,0.8891516327857971,0.6621584296226501,0.8808173521846847
190cc31,0.9008634686470032,0.7032458186149597,0.9001339342746711
1915691,0.7577573657035828,0.5417016744613647,0.7715621111412094
1925971,0.8297271132469177,0.5542030930519104,0.8333995288282164
192c931,0.866859495639801,0.5965311527252197,0.8467434578600352
1935711,0.9183622002601624,0.7337563633918762,0.900789414375
194291,0.775940477848053,0.47616299986839294,0.8097466100049999
1944891,0.8180250525474548,0.5410409569740295,0.8011186774695946
194931,0.8935118913650513,0.6250049471855164,0.8839630322678571
194971,0.8082562685012817,0.521826446056366,0.8090852289081911
194b451,0.8772674202919006,0.4891713857650757,0.8681078077506393
1956651,0.8973379135131836,0.6300410032272339,0.8881726407291667
1956671,0.7851422429084778,0.5897680521011353,0.7907427196646506
1956b91,0.8119589686393738,0.5286389589309692,0.8118841845421512
195a651,0.8569318652153015,0.6067469120025635,0.8412527171136364
195a671,0.8505018353462219,0.5264800190925598,0.8166768577667683
1966a51,0.8979262709617615,0.6122831106185913,0.8802583945645162
1966a91,0.7580831050872803,0.5251447558403015,0.767665802752435
1967391,0.7487574815750122,0.49478182196617126,0.7741447460231062
19686x91,0.8200476169586182,0.5499059557914734,0.7880949353092401
196b991,0.8200429081916809,0.5515548586845398,0.7979111800471106
197ba51,0.8434670567512512,0.5604782104492188,0.8347697893316474
197ba71,0.7970976829528809,0.534096896648407,0.8105987333160696
1989b51,0.9027529954910278,0.6391461491584778,0.89024590503125
198db71,0.791186511516571,0.49941959977149963,0.7783202419472657
19b2731,0.9082112312316895,0.609477698802948,0.8896601256762819
19b6f91,0.807440459728241,0.5024175643920898,0.8008538579923469
19b9771,0.8263070583343506,0.5754400491714478,0.8305351509307324
19be111,0.9363664388656616,0.7668097019195557,0.9294466426580882
19bfe91,0.793337881565094,0.49303144216537476,0.7767266936586538
19de91,0.8024129867553711,0.5585771203041077,0.8158536810822785
19ef051,0.8790118098258972,0.5476673245429993,0.8717735457601352
1a01251,0.8625267148017883,0.6066073775291443,0.8534036238621795
1a01631,0.8798713088035583,0.5738652348518372,0.8703132023419117
1a01691,0.7948839068412781,0.5011272430419922,0.7865248606458333
1a1e591,0.7750765085220337,0.5326374173164368,0.7729545539851399
1a2cd31,0.8463040590286255,0.5400678515434265,0.8424666148473557
1a2f671,0.8568887710571289,0.5201756358146667,0.851150222120283
1a2f691,0.7942006587982178,0.4747670292854309,0.7945690729892857
1a37b71,0.8854308724403381,0.5179938673973083,0.8718065426833334
1a37b91,0.8608314990997314,0.5220776200294495,0.8404985070340909
1a39571,0.8996317982673645,0.5885993838310242,0.8758292831843434
1a3e191,0.7986978888511658,0.5692943334579468,0.7961243172897727
1a46291,0.8402866125106812,0.6266543865203857,0.8013685359164746
1a46691,0.8173056244850159,0.5911512970924377,0.7903504831198879
1a50451,0.7924699187278748,0.5628291964530945,0.8009898621001245
1a50491,0.7659258842468262,0.5674054026603699,0.7648723278992063
1a55e91,0.8224256038665771,0.620688796043396,0.8262853959857143
1a58751,0.9073718190193176,0.6734746098518372,0.8930623170096154
1a58771,0.8801562190055847,0.6148711442947388,0.86858260001875
1a59371,0.8594099879264832,0.5435084104537964,0.8430036559947479
1a59391,0.8021259903907776,0.5255246162414551,0.7755527878369883
1a68531,0.9329350590705872,0.7029670476913452,0.8908975366507353
1a68551,0.8874152302742004,0.5433333516120911,0.8659348469680233
1a74051,0.8458412885665894,0.6345317959785461,0.8419993274141221
1a8a11,0.8099103569984436,0.5069578886032104,0.829627020987013
1a8d431,0.879245936870575,0.6819213032722473,0.8790732479565218
1aa7591,0.7623351216316223,0.4761390686035156,0.777131783660473
1aacd51,0.8307187557220459,0.572011411190033,0.8333863595693941
1aacd71,0.8567313551902771,0.5544385313987732,0.8312546248494318
1aae291,0.8444620370864868,0.5481009483337402,0.8131108836503164
1aaeex11,0.9361367225646973,0.7070727944374084,0.9176884618044355
1aaeex51,0.8710977435112,0.5631513595581055,0.8419188672528846
1aaeex91,0.8288445472717285,0.5531305074691772,0.7923932285779639
1aaf191,0.7776109576225281,0.5679291486740112,0.7580503835415364
1ac0f11,0.9490941762924194,0.7989734411239624,0.9312207290326088
1ac0f91,0.8657214641571045,0.5392156839370728,0.8300391236076389
1ac1a51,0.9483439922332764,0.744929850101471,0.9291203010408654
1ac4731,0.8766798973083496,0.5957822799682617,0.875124762625
1ac5671,0.8321954607963562,0.5380421876907349,0.8404702740638588
1ac63x91,0.8300750851631165,0.5820709466934204,0.85269185586293
1ace511,0.9028369188308716,0.6511528491973877,0.8938989336329788
1ace551,0.7823918461799622,0.4799056947231293,0.7912338037163462
1ad2b11,0.9090456366539001,0.6694827675819397,0.9007409856217949
1ad2b31,0.8804377317428589,0.5989651083946228,0.8742136363191965
1af2fx71,0.8516742587089539,0.531332790851593,0.8431923159087952
1af5751,0.7815191149711609,0.6000350713729858,0.8208102329968749
1af8951,0.9194234013557434,0.7208492159843445,0.9065387790984849
1b01b11,0.924064576625824,0.7426241040229797,0.9034781558928571
1b0cb91,0.8050699830055237,0.5232999324798584,0.7913686339917507
1b15551,0.8625737428665161,0.5224674940109253,0.8633431623561948
1b15591,0.7612529397010803,0.5408303737640381,0.7922917121902708
1b341xxxxxxxxxxxxxxx71,0.7692216634750366,0.5937701463699341,0.799009682236934
1b49e11,0.9109693765640259,0.6106638312339783,0.9046999236357144
1b49e51,0.8713847994804382,0.5200496315956116,0.8786122374548319
1b4f971,0.8592067956924438,0.6295272707939148,0.827276886849379
1b51191,0.8158438205718994,0.5519766807556152,0.8028469631689498
1b67751,0.8777243494987488,0.6268476843833923,0.874569615522436
1b68051,0.858185350894928,0.5365915894508362,0.8587111571186079
1b68111,0.9215201139450073,0.7006073594093323,0.9180685736666666
1b68151,0.8732143044471741,0.5515615940093994,0.8650157630878379
1b68171,0.8489930629730225,0.5153971910476685,0.8486818191986111
1b68191,0.8119078874588013,0.5039674043655396,0.8226273019013158
1b6fc71,0.8757764101028442,0.5642264485359192,0.8662869618369565
1b6fc91,0.8349576592445374,0.5596622824668884,0.811335735657839
1b7bf51,0.8595181703567505,0.6139845252037048,0.846709472552481
1b7bf71,0.8265784978866577,0.5616997480392456,0.814308871113497
1b7d671,0.8582050204277039,0.49704083800315857,0.866414856115942
1b7fb51,0.8685749769210815,0.584159255027771,0.8726185678445377
1b7fb91,0.8414340019226074,0.5485877394676208,0.8321791206077127
1b91511,0.8808521032333374,0.6263671517372131,0.8694993990730338
1b91571,0.757483720779419,0.545861542224884,0.7585633784044118
1b9b651,0.8739942312240601,0.5835323333740234,0.868253924643319
1b9b691,0.8187403678894043,0.533930242061615,0.8073812632017442
1badc31,0.8731067180633545,0.6387953162193298,0.8900457873001825
1badc91,0.8094814419746399,0.5052688121795654,0.8148401830734042
1bb8d91,0.7828959226608276,0.5270416736602783,0.7796209035186464
1bf11,0.9244200587272644,0.5650343894958496,0.8968886607115385
1bf7671,0.8622269034385681,0.5802891254425049,0.8522783512416158
1bf7691,0.8452017307281494,0.5017459988594055,0.8224859691040723
1bfaa91,0.7942208051681519,0.5496050119400024,0.7762476989555289
1c39f91,0.7230082154273987,0.5312521457672119,0.7521720917095313
1c54511,0.930555522441864,0.7405000329017639,0.9094223523833334
1c600x71,0.8396516442298889,0.5529847741127014,0.827793319659836
1c68071,0.8389034867286682,0.5666815042495728,0.8194323851763159
1c7791,0.800091028213501,0.5188501477241516,0.8043019206992869
1cab751,0.8631149530410767,0.5298941731452942,0.849109774063253
1cab791,0.7842394709587097,0.5099342465400696,0.7751745316930895
1cb5571,0.8492763042449951,0.5412298440933228,0.842744074325
1cb6831,0.9204612970352173,0.6295133233070374,0.915037154703125
1cb6851,0.9125396609306335,0.5575757622718811,0.9080937458690477
1cc2d71,0.8214855194091797,0.5113255977630615,0.8432128537630434
1ccb991,0.885664701461792,0.5813226699829102,0.8604760436309523
1cce651,0.8868531584739685,0.5387778282165527,0.8796716889556452
1cd5931,0.8790730834007263,0.5866698622703552,0.8741995020056179
1cd5991,0.8275662064552307,0.5217057466506958,0.8015289605000001
1d05051,0.921603262424469,0.7325105667114258,0.8876390150525362
1d0cbx51,0.8776170611381531,0.5601579546928406,0.8652210207799587
1d0cbx71,0.8182598352432251,0.559306263923645,0.8111692057389707
1d0ed51,0.8463541269302368,0.5599882006645203,0.8553433072403169
1d0ed91,0.7870233058929443,0.5776807069778442,0.7888319776558442
1d25f71,0.8831501603126526,0.7326358556747437,0.8413246309931319
1d25f91,0.8491771817207336,0.688541829586029,0.8104482351932774
1d351,0.8500216603279114,0.5745149850845337,0.8740693368789062
1d371,0.8194365501403809,0.4936511814594269,0.8575356319403409
1d3f151,0.8794595003128052,0.558590829372406,0.8719920740749999
1d3f5x11,0.9301767945289612,0.7007097601890564,0.919799157275
1d3f5x31,0.9079426527023315,0.6632607579231262,0.9083531940421874
1d49011,0.9368131756782532,0.7320512533187866,0.9246219356730769
1d49031,0.9280611872673035,0.7567083835601807,0.9193534121785714
1d70931,0.9023810029029846,0.6544701457023621,0.8985355194493243
1d70951,0.8757380843162537,0.6068491339683533,0.86671838075
1d70991,0.8115994334220886,0.5039598941802979,0.7868305910377603
1d74291,0.8081924319267273,0.5098048448562622,0.8114772107654495
1d7791,0.7566927671432495,0.47792956233024597,0.782236442333844
1d7c91,0.7801970839500427,0.49112027883529663,0.8054115832201086
1d9bcxx91,0.8546491265296936,0.566463053226471,0.8484071985197369
1de9851,0.881090521812439,0.5854775309562683,0.8559882055448896
1df6891,0.8056674003601074,0.5584273934364319,0.7879823498968122
1e08991,0.8282091617584229,0.6020922064781189,0.8410790028169192
1e0b511,0.9583333134651184,0.7799999713897705,0.9412428040833334
1e0d531,0.9160021543502808,0.6770788431167603,0.910524855512931
1e0d551,0.9090694189071655,0.5802628397941589,0.9004542699533332
1e0d591,0.826174259185791,0.5716878175735474,0.8297460314943181
1e24c91,0.8188053369522095,0.5985963940620422,0.8140637673775666
1e9d8xxx91,0.8086761832237244,0.545544445514679,0.7977807935806962
1eb8251,0.8311790227890015,0.5820296406745911,0.8262805677320076
1ec971,0.8287554979324341,0.5176252126693726,0.8455746299407894
1ed01x31,0.9382765293121338,0.6516227722167969,0.9219935297931818
1ed01x91,0.8764055371284485,0.6037389039993286,0.8470484449263699
1ee2551,0.8788483738899231,0.6119047403335571,0.8960180688124999
1ee2931,0.9154902100563049,0.6864684820175171,0.910433427907353
1ee2991,0.8307368755340576,0.6043255925178528,0.8078169991816502
1f07451,0.8749393224716187,0.600545346736908,0.8656191671893204
1f07491,0.8031523823738098,0.5459787845611572,0.7821156280157894
1f0d51,0.8873774409294128,0.6245548725128174,0.8889032190275735
1f1ffxx91,0.8189626932144165,0.523638904094696,0.8088438689657772
1f273xxxx71,0.7728772759437561,0.5478183627128601,0.7684057130015756
1f334xxx91,0.8744769096374512,0.6376888155937195,0.8339142236856061
1f6b1xxxxxxxx91,0.7495402693748474,0.47026410698890686,0.7566575217408038
1f75d11,0.9148459434509277,0.7295588254928589,0.9118485564485295
1f75d91,0.8357045650482178,0.5217481255531311,0.8413282695772357
1f7cc91,0.7770848870277405,0.5273781418800354,0.8284211435804771
1f9d251,0.8695195317268372,0.6287077069282532,0.8641147960563064
1fa2171,0.8236531615257263,0.5450218319892883,0.8182345941691919
1fb19xxxxx71,0.8600560426712036,0.5230582356452942,0.8424591260396634
1fb3a31,0.8859741687774658,0.6205292344093323,0.8704697139313381
1fb3a71,0.8446779847145081,0.6344151496887207,0.8184103636556818
1fb3a91,0.8586981892585754,0.5846948027610779,0.8213370508299493
1fb9491,0.7763651609420776,0.5192574262619019,0.7652911225698359
1fb9c71,0.8320375680923462,0.5571298599243164,0.8145328148877551
1fb9c91,0.7578125,0.5372548699378967,0.7747632899175532
1fc8551,0.8901774287223816,0.5658836364746094,0.863247581932229
1fccd51,0.8987755179405212,0.5532079339027405,0.8968046430714285
1fd0791,0.8051561713218689,0.5094423294067383,0.8033083291987152
1feabxxx71,0.8238452672958374,0.5634289383888245,0.8264205751642442
1feabxxx91,0.794405460357666,0.5835551023483276,0.7789984087953411
1fec11,0.9285353422164917,0.7915151715278625,0.90732042825
1ff051,0.8979910612106323,0.6373560428619385,0.8828644305773808
1ff071,0.8704484105110168,0.5975973606109619,0.8686558286929348
1ff94xxxxx31,0.8473199605941772,0.5238289833068848,0.8391008042912621
1ffad11,0.9280772805213928,0.7237156629562378,0.9123587055872642
1ffad51,0.9126364588737488,0.6765919327735901,0.8843837354806547
1ffad71,0.8795868754386902,0.5174170732498169,0.8741799751213236
1ffad91,0.8739997148513794,0.5791715383529663,0.8486746346240079
1ffb611,0.9301624298095703,0.6530460119247437,0.9155096593183961
1ffb691,0.8328030705451965,0.5592225790023804,0.8253626418329545
200dcxx71,0.8743902444839478,0.7342635989189148,0.8489897345533537
201e491,0.7396519184112549,0.5497922301292419,0.7482394268374485
202d9xxx91,0.8142335414886475,0.5310453772544861,0.7920662692919777
2035971,0.8764981031417847,0.5334749221801758,0.8528868422162922
2035991,0.8205039501190186,0.5303101539611816,0.7924559347521368
20d0bx11,0.8937980532646179,0.5827890038490295,0.8746844135557692
20d0bx91,0.7766571640968323,0.5245311856269836,0.770239182534091
20d7611,0.9271234273910522,0.6772873401641846,0.9005614779879808
20d7651,0.8643772602081299,0.5795026421546936,0.8568012341675825
20d7671,0.8408054709434509,0.5876477956771851,0.823638846734252
20f6391,0.7889866828918457,0.6009666323661804,0.7902932441860328
20fdbxxxxxxx51,0.9007389545440674,0.5650867819786072,0.8757409341271367
20fdbxxxxxxx91,0.8420246243476868,0.5334447026252747,0.8184136731618943
2171ex91,0.8048092126846313,0.560812771320343,0.8102511762110928
2185bxxxx11,0.9280670285224915,0.6452950239181519,0.9072179976545781
2185bxxxx31,0.9230560660362244,0.6875343918800354,0.8890401525015823
2185bxxxx71,0.8524467349052429,0.5407251119613647,0.8437650002170543
21c09x91,0.7726165652275085,0.6043940782546997,0.7864968407112771
221caxxxx51,0.8896259069442749,0.6464412212371826,0.9007038493293651
221e651,0.8445118069648743,0.537222146987915,0.8363321859365671
226e7xx91,0.8236812353134155,0.5861914157867432,0.7978769274273398
2289d71,0.8379899263381958,0.5422711372375488,0.8626755815542035
22971x71,0.8211063146591187,0.5455453395843506,0.8163630101793103
22a1691,0.879956066608429,0.585476279258728,0.8493489687943262
2326b51,0.8766822218894958,0.547896683216095,0.8692120530778985
23596xxx31,0.8597656488418579,0.5993098616600037,0.8453505313479167
23596xxx51,0.8480635285377502,0.6425511837005615,0.8174816744615385
23596xxx91,0.7794759273529053,0.544633686542511,0.7479563211497395
23893x91,0.7525268197059631,0.5151382088661194,0.799397982676319
23a2c31,0.905182957649231,0.6785744428634644,0.8930431806874999
23f2e11,0.9245783686637878,0.716065526008606,0.9211962445026042
23f7bxx71,0.8364843130111694,0.5765279531478882,0.821070740603125
2433e51,0.8795909881591797,0.6416731476783752,0.8895927500216049
2433e91,0.8506690263748169,0.6275733709335327,0.8410304524939024
243d71,0.9021354913711548,0.6104134321212769,0.8942502157906249
243e5xx51,0.8440572619438171,0.5838768482208252,0.8319079208597122
243f51,0.924791693687439,0.6495833396911621,0.9103684723125
243f71,0.8622908592224121,0.5206785202026367,0.8650852252533784
244171,0.7915135025978088,0.45249128341674805,0.8299086895790441
246c9xxxx71,0.8385241627693176,0.5731395483016968,0.8360524845766806
24c2291,0.7663500905036926,0.6044617891311646,0.7778326229080882
24d40x11,0.9190789461135864,0.7226322293281555,0.9165063254714912
24d40x31,0.9083191752433777,0.5446277260780334,0.8939412928080358
255fbxx71,0.860225260257721,0.5535242557525635,0.858442124532629
25671,0.8134287595748901,0.5579250454902649,0.8764407580060241
2576dxxxxx51,0.8829649090766907,0.5663750171661377,0.8660586556432927
2576dxxxxx91,0.7834914326667786,0.49155884981155396,0.775070661312931
25922xxx51,0.8669707775115967,0.5343421101570129,0.8626552312173913
25987xxx51,0.8672401905059814,0.4294082224369049,0.8928368969749103
25987xxx71,0.8080970644950867,0.5132211446762085,0.881349982875858
25987xxx91,0.8385308384895325,0.493760883808136,0.8796333005280665
25e40xxxx51,0.9445155262947083,0.7049140930175781,0.9130017774427711
26070x91,0.7934974431991577,0.6535477638244629,0.789879156445707
2622dxx91,0.8714370727539062,0.5526096820831299,0.8492921639034091
267fc91,0.8204942941665649,0.524556040763855,0.8110762030925633
268a7x71,0.871721625328064,0.5237833261489868,0.8735754279379846
269331,0.8803288340568542,0.6477899551391602,0.8981760307738095
269371,0.840666651725769,0.49636396765708923,0.86463879421
26c74xx91,0.8111947178840637,0.5394508242607117,0.7890671273996913
26d75x71,0.8132817149162292,0.525039553642273,0.8470367135175703
26e4e71,0.8117303848266602,0.48946747183799744,0.8394469038480437
26ecd91,0.8385673761367798,0.5939818620681763,0.8356905340756173
270e0xxx31,0.9455088376998901,0.6555739045143127,0.9180656237950819
2713cx91,0.8787270784378052,0.592300295829773,0.8535191904139908
275171,0.859431803226471,0.552601158618927,0.8665025606636364
275e311,0.9223652482032776,0.6545354723930359,0.9140917020465686
275e371,0.8639927506446838,0.5247735977172852,0.8624659452883858
2767cx51,0.8643770217895508,0.6651071310043335,0.8912893597452995
27aa391,0.7694123983383179,0.5487843751907349,0.7953206968392716
27be6xxx51,0.8945832848548889,0.5961095690727234,0.8706237146541665
27be6xxx91,0.8123064041137695,0.5443527102470398,0.7947724968277244
27e38x31,0.8876200318336487,0.6834489107131958,0.9030235716296297
27e38x51,0.8797258734703064,0.5682579874992371,0.8851576188737373
2804axx31,0.9214658141136169,0.7568643093109131,0.922820715486328
2805291,0.905796229839325,0.5367977619171143,0.876554026058548
2812fxx11,0.9133847951889038,0.7442192435264587,0.9264095107094595
281c5xx51,0.8795535564422607,0.6323965191841125,0.883216862375
281c5xx91,0.7618950605392456,0.566692054271698,0.8077435693274441
28271,0.8073559999465942,0.5217137336730957,0.8258556585493827
28437xxxx91,0.8101946711540222,0.5786153674125671,0.7776041107363388
284de91,0.875634491443634,0.6117101907730103,0.8708037229988637
285e8x31,0.9120059013366699,0.6083356142044067,0.9031726743782053
28ce9xx71,0.7604151368141174,0.5649568438529968,0.8375527704942329
28ce9xx91,0.7812873125076294,0.599910318851471,0.8281426671207568
28d74xxxxxx51,0.8385937809944153,0.5412054657936096,0.81652557870625
28dabxxx91,0.7628265619277954,0.5841036438941956,0.7744249432322251
290c991,0.6805381178855896,0.5862138271331787,0.7291295481467915
2934171,0.8485188484191895,0.5487204194068909,0.8595492671384946
2934191,0.8179270029067993,0.5247024297714233,0.8348693522719299
2937c91,0.8356178998947144,0.5669153928756714,0.8237839824125791
2943271,0.8507978916168213,0.5502564907073975,0.8366163195452128
2946431,0.9235317707061768,0.594593346118927,0.9237382501208333
2951cx71,0.8261063098907471,0.5025209188461304,0.845819555837931
29715xxx31,0.9346814155578613,0.6381514668464661,0.9222568580514706
29715xxx51,0.918830156326294,0.5794212222099304,0.8895118001538461
29715xxx71,0.8926267027854919,0.5543503165245056,0.8637674578467742
299e391,0.8363690376281738,0.5608653426170349,0.8484930516309346
29a1091,0.8771227598190308,0.6192288398742676,0.8716910469759036
29ad5x91,0.8011385798454285,0.530393123626709,0.8019615819534883
29c8b51,0.8226378560066223,0.5901267528533936,0.8238195238425197
29d10x91,0.7722842693328857,0.5216867327690125,0.7894344971979166
29d32xxxxx11,0.9172431230545044,0.6857836842536926,0.8996997848342104
29d32xxxxx71,0.7948470115661621,0.4936712384223938,0.790552548214469
29d68xxxx71,0.8007192611694336,0.5966647267341614,0.8064199445982142
29ef2xxxxx11,0.927804708480835,0.7158182263374329,0.9098502968411017
29ef2xxxxx71,0.8815722465515137,0.5600772500038147,0.8595467009901079
2a01e51,0.9105937480926514,0.5863741636276245,0.89861514814875
2a10691,0.7482960224151611,0.5290371179580688,0.7834797847983339
2a45a71,0.7921499609947205,0.5667657852172852,0.8265023686130244
2a45a91,0.7701370120048523,0.5731149911880493,0.7870627533515852
2a57191,0.8284391164779663,0.6001554131507874,0.8539788176527778
2a75e91,0.8141328692436218,0.5761128067970276,0.7932229575371621
2ad5411,0.9194217324256897,0.5662232637405396,0.9153300551714285
2ad5431,0.90634685754776,0.549950897693634,0.896825262485465
2ad5471,0.8614894151687622,0.5442323684692383,0.865270638858209
2b2b891,0.6745267510414124,0.5224277377128601,0.7526935700247027
2b3db71,0.7952205538749695,0.6128413081169128,0.8044351056943277
2b431,0.9072023630142212,0.6838035583496094,0.90798584670625
2b43ax91,0.7330847382545471,0.5404214262962341,0.7689633158641449
2b451,0.8598484992980957,0.5722516775131226,0.8851585370037878
2b4cf71,0.853753924369812,0.5430979132652283,0.860695168435219
2b4f2xxxxxxx51,0.8479423522949219,0.5378807187080383,0.8022766288294522
2b4f2xxxxxxx91,0.7242218255996704,0.5157589316368103,0.7140653920497255
2b846x91,0.761725902557373,0.4667747914791107,0.7901072223959249
2b85fxx51,0.851726233959198,0.588844358921051,0.8487208922607142
2ba9771,0.7985048890113831,0.5619332790374756,0.8285123115191175
2bf61xx11,0.8987168073654175,0.736386775970459,0.9080956747904192
2bf61xx31,0.8880888819694519,0.6333333253860474,0.895043821989276
2bf61xx91,0.8560987710952759,0.5745751261711121,0.8621368940665322
2c2acx71,0.8557474613189697,0.6249167919158936,0.8562471292018443
2c67351,0.8469361066818237,0.4813777804374695,0.8676528953226744
2c7ffxxx91,0.7139428853988647,0.5167957544326782,0.7599911954622143
2c9bfxx91,0.7621115446090698,0.5718835592269897,0.7810948980135135
2cda4xx91,0.7481309175491333,0.4583115577697754,0.7789430487425967
2cde3xxx91,0.7258766889572144,0.5766644477844238,0.7815995276955712
2d1e531,0.8886975049972534,0.6130456328392029,0.8876247389308825
2d20571,0.8666666746139526,0.6167094111442566,0.8745105418066157
2d20591,0.774823009967804,0.460401713848114,0.7923860912173203
2d52611,0.925977885723114,0.7498504519462585,0.9298443546875
2d52631,0.9052082896232605,0.7150207757949829,0.9204712852109375
2d7f5xx91,0.7532286047935486,0.4799064099788666,0.7702621481614135
2da0fxx91,0.7693340182304382,0.5039183497428894,0.7789063338819238
2dcabxx91,0.757239043712616,0.5304545164108276,0.7670714002324185
2dd671,0.8306072950363159,0.5610799193382263,0.8404644611501938
2e16b91,0.7663314938545227,0.5444148778915405,0.7981770157474275
2e3fcxxxx91,0.7449102997779846,0.5587114691734314,0.7782463398710443
2e9aa91,0.8627916574478149,0.5672439932823181,0.8539425743783333
2ea6771,0.8067939877510071,0.5688015222549438,0.8570605918383621
2ea6791,0.7819568514823914,0.5079563856124878,0.8215140290664061
2ee3bxxxxxx51,0.8555349707603455,0.5615811347961426,0.8550147265720339
2ee3dx51,0.8551800847053528,0.6908558011054993,0.9022621054660421
2ee85xx91,0.7215872406959534,0.48533353209495544,0.77778331633291
2f46291,0.7834286689758301,0.5332229137420654,0.7822519218292484
2f9491,0.8242788314819336,0.5458889603614807,0.8381042570112179
2f9b2xxxx91,0.8462139368057251,0.5582566261291504,0.8257371064467213
2fa03xxxx71,0.8327851891517639,0.5471562147140503,0.8217010754280576
30735xxxxx91,0.8205893635749817,0.48418331146240234,0.816374542318038
30c0a71,0.871644139289856,0.6369834542274475,0.880651687772973
3116exxxx91,0.7910467982292175,0.5031679272651672,0.8003658779332822
3232c91,0.7572380900382996,0.4899860918521881,0.7959748782795619
32604xxx91,0.7311601042747498,0.46927639842033386,0.7626572862386543
3269331,0.8986863493919373,0.6081137657165527,0.9143174794359605
3269371,0.879262387752533,0.5879402160644531,0.8700772901883614
327f7x91,0.7628943920135498,0.4870661497116089,0.78502182081893
32cd991,0.8703703880310059,0.5268378257751465,0.8699115465104167
32db1xx91,0.7924147248268127,0.6068137884140015,0.8211719038213087
32e4cxx51,0.8903555870056152,0.7175180315971375,0.8991506089310345
33219xx91,0.8161755204200745,0.5388442277908325,0.831395775675813
33698xx71,0.8246398568153381,0.5722812414169312,0.8312315516466101
338f8xx91,0.7530091404914856,0.5638840794563293,0.7729982518920313
33aa2xxx71,0.8218750357627869,0.5277447700500488,0.8176429416521226
33bd7xxxx11,0.9628986120223999,0.8252415060997009,0.9418865309402173
33ce6xx71,0.761412501335144,0.5232412815093994,0.7974407511289663
33d6bxxxx71,0.8848636746406555,0.554515540599823,0.8727256222299383
34387xxx91,0.817513108253479,0.4961565434932709,0.8281318603941044
343a2xxx91,0.7235761880874634,0.5598092675209045,0.7649108615826493
343cex91,0.8055945038795471,0.5358474254608154,0.8152124435883621
3442cxxx71,0.7047470808029175,0.48295632004737854,0.7560609389438915
34bd4x91,0.8495693802833557,0.5567687153816223,0.8515703140312532
34f56xx91,0.7408087253570557,0.4860018193721771,0.7773442471707579
35046xxx91,0.8221302032470703,0.5016809105873108,0.8251417963353413
35651xxxx91,0.7552555799484253,0.5548592209815979,0.7814352849243157
35829xx51,0.8872602581977844,0.5653303861618042,0.895407348490228
35a61xxxxxxxxx71,0.7873049378395081,0.5620241761207581,0.817049206412766
35ac0x51,0.851787269115448,0.5777440071105957,0.866754313237726
35ac0x91,0.7896209955215454,0.5275330543518066,0.8132975455483706
35b17xxxx72,0.7732730507850647,0.5484277009963989,0.7508208303365786
35ba6xxxxxx11,0.9031524062156677,0.6191564202308655,0.8957926642203947
35ba6xxxxxx31,0.8391721248626709,0.5165797472000122,0.8302830253421053
35ba6xxxxxx91,0.7663335204124451,0.4728440046310425,0.7752648483436214
35f5891,0.8591150045394897,0.5155916810035706,0.8550095054314845
360cexx71,0.821589469909668,0.5709492564201355,0.8257288983629629
362f1xx91,0.7791343927383423,0.5557065010070801,0.8173768767038769
3639dxxx91,0.7741372585296631,0.55598384141922,0.793737946395202
36520x91,0.8281687498092651,0.4763331115245819,0.8169819351325422
36a10x91,0.7673537135124207,0.5481805205345154,0.7717753735578458
36a3bxxx91,0.7730405330657959,0.48256996273994446,0.8097029027724794
36ae7x11,0.9228805899620056,0.697601854801178,0.9210764336647399
36ae7x31,0.9030890464782715,0.6062783598899841,0.909793394900862
36afcxx91,0.7806782126426697,0.5270256400108337,0.8015517704464761
36cf0x31,0.8977617621421814,0.6006856560707092,0.8949128427449324
3712dxxx91,0.7701097726821899,0.4677218794822693,0.7520543189774939
3730dxx92,0.82536381483078,0.5661362409591675,0.7804715400582121
3755ex91,0.747647225856781,0.5764890909194946,0.7924162692445128
376dex91,0.7784199714660645,0.5387242436408997,0.8097233925304204
37762x91,0.8011904358863831,0.4992000162601471,0.8101185772230393
37a4ax91,0.8240465521812439,0.5598706603050232,0.8286331211634934
37e07xxx91,0.7647970914840698,0.47427254915237427,0.8024764783977048
37eaaxxx51,0.8643627166748047,0.5540491938591003,0.8614405872235293
37fa9xxx11,0.8493983149528503,0.5861194133758545,0.8543078817876345
37fa9xxx71,0.6884080171585083,0.5255369544029236,0.7723009510024454
38251,0.8701127767562866,0.5703211426734924,0.8796221374802632
38419x11,0.9118476510047913,0.7692970633506775,0.908824535664
38419x52,0.8818167448043823,0.6309733390808105,0.8519365835819861
387a0xxxx91,0.6174306869506836,0.4168911278247833,0.717732227222209
38a54xx11,0.912295401096344,0.6990869641304016,0.9178001894084822
38a54xx91,0.7793623805046082,0.5471547842025757,0.7890505120169334
3906fx91,0.7103984355926514,0.4924638271331787,0.7620645267052744
392e6xxx91,0.7472378015518188,0.5345230102539062,0.7729244685056179
39660xxxx51,0.8177777528762817,0.5349016785621643,0.8415604871875
397bdxx11,0.906145453453064,0.771766722202301,0.9281002003445946
39aa2xx91,0.7408543229103088,0.4905783534049988,0.7732282221045987
39ba2xxx91,0.833023190498352,0.5622851252555847,0.8419946805620347
39be5xxx91,0.6611843705177307,0.46213239431381226,0.740316084246508
39ec8xxx91,0.8009594082832336,0.5263088941574097,0.820663558741323
3a539xxxxxxx91,0.8526169657707214,0.5548518300056458,0.8504858189363241
3a5afxxx91,0.6877575516700745,0.49495458602905273,0.7531613478739227
3a5e9xxxxx51,0.9152960777282715,0.6819780468940735,0.9151182423519737
3a6abxxx32,0.8640586137771606,0.6890137791633606,0.8552853800878244
3a73fxxx11,0.900943398475647,0.7528138756752014,0.9204864230613208
3a73fxxx51,0.8710989952087402,0.48560377955436707,0.8901055087138964
3a73fxxx91,0.8064715266227722,0.4973967969417572,0.8302911077346761
3a751x71,0.8677595853805542,0.5055956840515137,0.8533575080850411
3a8dbx91,0.7058237791061401,0.4991251528263092,0.7940268434038019
3a97cxx91,0.7536756992340088,0.5291789770126343,0.7714716328342691
3aa79xxxxxxxxx11,0.8988829851150513,0.6153965592384338,0.8840846008163581
3aa79xxxxxxxxx51,0.8160430788993835,0.5100829005241394,0.7837566372083333
3aae451,0.8863075375556946,0.6548022627830505,0.9009038422045454
3aae471,0.8825408816337585,0.576107919216156,0.8856608592748972
3aae491,0.8747554421424866,0.5656944513320923,0.8619911317471782
3abf8xx91,0.8678081035614014,0.5677213072776794,0.8623784283054078
3ad60xxxxxx11,0.9049583673477173,0.7227805256843567,0.9182031871374999
3ad60xxxxxx71,0.78570157289505,0.5967985391616821,0.8037639738731276
3aeb1xx71,0.7938054203987122,0.48343122005462646,0.828412111746829
3af6axxx92,0.7200738787651062,0.4846956729888916,0.7188260853940887
3af82xxxx11,0.9085421562194824,0.7229059338569641,0.9229913475076922
3b036x91,0.8778002858161926,0.6303055286407471,0.8979439945303643
3b2bcxxxx51,0.7711714506149292,0.5003941655158997,0.7967666198776179
3b2bcxxxx91,0.6181101202964783,0.4859577715396881,0.7083708165734989
3b37bx91,0.8368123173713684,0.4995802640914917,0.8282970081394612
3b3bdxxx11,0.9049361348152161,0.6889228820800781,0.9118186075548781
3b3bdxxx31,0.8789583444595337,0.5973416566848755,0.8842619132597827
3b463x71,0.9011029601097107,0.6196778416633606,0.8913957914963235
3b62dxxx51,0.8729915022850037,0.5733161568641663,0.8817346108128205
3b8bf72,0.8363934755325317,0.6040962338447571,0.8138502530475409
3b952xxxxxx91,0.762499988079071,0.5406564474105835,0.7948470537538461
3bbebxxxxx91,0.7838330864906311,0.5569024682044983,0.7779992792338118
3bc7bxxxx71,0.8460144400596619,0.5740764141082764,0.8798766839503105
3bc7bxxxx91,0.854690670967102,0.5656869411468506,0.857346904245509
3bcf5xxxxxxxx71,0.8001488447189331,0.501165509223938,0.7952826679766484
3be60xxx51,0.89083331823349,0.6403735876083374,0.9075799418974999
3bef7xxx32,0.8920078277587891,0.7947368025779724,0.8796892767631579
3bef7xxx71,0.887406051158905,0.5197346806526184,0.8920112073914473
3bef7xxx72,0.8503745198249817,0.640643298625946,0.8188643069363296
3c252x11,0.9120659232139587,0.7530229091644287,0.9270397586180555
3c252x71,0.870173454284668,0.5526332259178162,0.8833084064547512
3c3dfx71,0.8173909187316895,0.5384082198143005,0.8551543162255225
3c3dfx91,0.8233885169029236,0.5414891242980957,0.8128924828317596
3c7d9xxxx71,0.8519718050956726,0.546192467212677,0.8520303489796022
3c7d9xxxx91,0.7690305113792419,0.5534090399742126,0.7917527666908497
3c7d9xxxx92,0.5506558418273926,0.47722315788269043,0.6499062104871192
3c8d6xxxxx71,0.7943480014801025,0.5290496349334717,0.8260345674818926
3ca391,0.7933121919631958,0.4859757423400879,0.8058510715362319
3ca7dxxxxx91,0.744622528553009,0.42687299847602844,0.7901020782912292
3ce66x72,0.8139109015464783,0.5824201107025146,0.7791807787113703
3ce7axxxxxxxxxxx51,0.7992599606513977,0.5017282366752625,0.8075208505932433
3ce7axxxxxxxxxxx71,0.7312676310539246,0.4894978106021881,0.7683234824683545
3ce7axxxxxxxxxxx91,0.6254730820655823,0.45901837944984436,0.7379727442062621
3d124x51,0.8662971258163452,0.6238287687301636,0.8754614825343681
3d124x91,0.8411672115325928,0.5541567802429199,0.8629296623111111
3d124x92,0.8397268056869507,0.5801642537117004,0.7949591731438516
3d2a8xxxx31,0.8945987820625305,0.6931512355804443,0.9154403198592592
3d8caxxx71,0.8534539937973022,0.5808882713317871,0.8768620120427633
3db1fxxxx91,0.7527174353599548,0.5209465622901917,0.7958433761560381
3dc0cxxxxxx71,0.6789124608039856,0.4971657991409302,0.7562341905372024
3dd391,0.8171225190162659,0.593949556350708,0.8185802312541265
3dfc4xx31,0.903817355632782,0.6148461699485779,0.8929308746586827
3dfc4xx71,0.7674700021743774,0.5512173175811768,0.7854938003701251
3dfc4xx91,0.8014758229255676,0.6285827159881592,0.7961828948049268
3e0571,0.8708333373069763,0.5545443296432495,0.839328435625
3e0dexxx71,0.7848199009895325,0.5552054643630981,0.8018039709029935
3e122xxxx31,0.8623099327087402,0.5943558216094971,0.8936385382052632
3e2491,0.8039589524269104,0.48889389634132385,0.8133137485737786
3e2aexx71,0.8782358765602112,0.6631420850753784,0.892127675875839
3e2aexx91,0.8439539074897766,0.5426152348518372,0.8584731452099126
3e2c2xxxxx92,0.6356221437454224,0.4454663395881653,0.6479691457936267
3e2fbxxx91,0.7592214345932007,0.4805338382720947,0.8027062365314835
3e4afxxxxx91,0.8512322306632996,0.5741342902183533,0.8306149241570121
3e542xxxxxx91,0.8227461576461792,0.5162572860717773,0.8225688318985765
3e7d8xx91,0.6491875648498535,0.48525404930114746,0.7404390760216656
3e87191,0.7208852767944336,0.5259223580360413,0.7580501838713347
3e96dxxxxx12,0.9138211607933044,0.7464684247970581,0.8778292071707317
3e96dxxxxx31,0.8874132037162781,0.7030724287033081,0.9078379130729166
3ee4bxx52,0.8549078702926636,0.6585804224014282,0.8551300384663677
3ee4bxx72,0.8035993576049805,0.5472025275230408,0.7871515377323944
3ee4bxx92,0.7006661295890808,0.5072655081748962,0.7207648892440476
3f19dxxxxx91,0.8061279058456421,0.5740979909896851,0.8059826410043104
3f6d391,0.765008270740509,0.5149702429771423,0.7948962198538511
3f9a5xxxxx91,0.8295040130615234,0.5329408049583435,0.7926103554185069
3fa34xx91,0.9193402528762817,0.6020448803901672,0.8921133589062501
3fa76xxxx71,0.8182386159896851,0.5561714172363281,0.8343286736448864
3fbe5xxxx91,0.7979124784469604,0.5912081003189087,0.7942114486389007
40095xx71,0.7931243181228638,0.547130286693573,0.82411635690099
40127xxx51,0.7904363870620728,0.5078015923500061,0.7944809940897505
402f2xx11,0.9316413998603821,0.7611533403396606,0.9250701210028652
402f4xx71,0.8839170336723328,0.5918828845024109,0.8930549062380952
405c3xx91,0.7480911016464233,0.4390302002429962,0.7560988539304347
409cexx91,0.7119027376174927,0.5103936195373535,0.7497671490443093
409ebxxxxx71,0.8658220171928406,0.5624200701713562,0.8392128607128378
40d3axxxxx91,0.745659589767456,0.568192183971405,0.7431976971987577
40e0cxxx51,0.8318662047386169,0.5557765364646912,0.8526126528292254
40e10xxxxxxx51,0.7290199398994446,0.4685683250427246,0.7510527360485256
41a76xxxxxx91,0.8296156525611877,0.5142061710357666,0.7947584621133121
41b58xxx71,0.832643985748291,0.5155043601989746,0.8308158888272059
41b58xxx91,0.7965002655982971,0.5158558487892151,0.7986781513215859
41c18xxxxxxxx91,0.7978419065475464,0.5397772192955017,0.7639126964346826
41f331,0.9396504759788513,0.7503584027290344,0.917777073733871
41f391,0.7854289412498474,0.4697953760623932,0.7828847979029412
42282xx31,0.9153285026550293,0.6818329095840454,0.9259594822189782
42de8xxxx71,0.8996279835700989,0.6164113879203796,0.8805890693607142
42e891,0.6954614520072937,0.4498979151248932,0.7736023530857642
43222xxxxx51,0.8585302233695984,0.6575905680656433,0.8240984573444882
43785xx91,0.7078997492790222,0.4748775362968445,0.7436139953454668
441371,0.8634176850318909,0.502769410610199,0.8679270389613096
447991,0.7550199627876282,0.5159452557563782,0.7707016122076189
449a31,0.8751938343048096,0.6481329202651978,0.8820428797063954
455491,0.801097571849823,0.5263658761978149,0.7932407080243902
4a2a31,0.9342142939567566,0.7032312154769897,0.9221870376300001
4a2a71,0.812140703201294,0.5355367660522461,0.8469731137781531
4a2a91,0.7951197624206543,0.45211225748062134,0.8145088689631883
4adb11,0.9310657978057861,0.579511821269989,0.9179386883154761
4adb51,0.8775892853736877,0.5220125913619995,0.8772747082392858
513091,0.7513917088508606,0.4863010346889496,0.7927254491538226
59731,0.87548828125,0.7292046546936035,0.9113300903671875
5a071,0.8987607359886169,0.6227924823760986,0.8938599436831897
5b2e51,0.8428037762641907,0.5405804514884949,0.8354265838311068
5b671,0.8266892433166504,0.5578675866127014,0.871524698820946
5d9f31,0.9023674726486206,0.6876792907714844,0.8929132098901515
5d9f51,0.8731250166893005,0.5835849642753601,0.8662671312826924
65ee91,0.7840518951416016,0.49591967463493347,0.7896628864102678
6b5f71,0.7389751076698303,0.5188794136047363,0.7486510637087512
70d751,0.8979408740997314,0.6122395992279053,0.8898983779709302
732e51,0.8844662308692932,0.5519182682037354,0.8724963264251825
732e71,0.833773672580719,0.5394840836524963,0.837953159382732
74351,0.8996703624725342,0.6360441446304321,0.9047883194134615
75f191,0.8028244376182556,0.5515739917755127,0.7957462948978571
76c211,0.8940917253494263,0.7080424427986145,0.8988041030694445
78a851,0.8653575778007507,0.6258565187454224,0.8469621964814189
78ca71,0.787438690662384,0.4989478290081024,0.7900727322616422
78ca91,0.7405884861946106,0.5077610015869141,0.7461820491463466
79371,0.8681052327156067,0.5435668230056763,0.8803960748928571
7a631,0.9702380299568176,0.8441666960716248,0.939898631
7b3071,0.8545811176300049,0.5318323373794556,0.8502914839986558
7ced91,0.7976757287979126,0.5020212531089783,0.7841869749365079
7f3f91,0.8323032259941101,0.5404341816902161,0.8244878440200276
801671,0.8417147994041443,0.5463395118713379,0.8354481530939306
81b431,0.919921875,0.7919270992279053,0.88818959703125
81b451,0.9112847447395325,0.7112268805503845,0.8742772930416667
81b491,0.7806277275085449,0.56977778673172,0.8020501539659091
875a91,0.82121741771698,0.5248824954032898,0.8149448268428324
87771,0.8258833885192871,0.5333155989646912,0.853173779050633
8b3c91,0.7732572555541992,0.49183541536331177,0.789884791390024
8bc71,0.8328940868377686,0.5660536289215088,0.8641538033810241
8c0a91,0.7534797191619873,0.4812431037425995,0.7729290180216216
8d8931,0.9059890508651733,0.6664084792137146,0.898543169175
933291,0.7402962446212769,0.5054917931556702,0.7710434962781184
948471,0.7800614237785339,0.5147034525871277,0.7987889634491007
948a51,0.8820971250534058,0.6167943477630615,0.8860132903365384
9ab291,0.7793216705322266,0.5250959992408752,0.7865306288468201
9ae391,0.7751033306121826,0.516783595085144,0.7806653373419168
9b3171,0.8664858341217041,0.5092572569847107,0.8671904281276042
9b9151,0.8446887731552124,0.5609419345855713,0.8400719686790123
9c1771,0.8372818231582642,0.5803080201148987,0.8406198674611486
9c1791,0.7842246294021606,0.5189774632453918,0.7916290961604279
9c2291,0.7420190572738647,0.5495128631591797,0.7481437513297905
9d051,0.847236692905426,0.5475234985351562,0.8830039978246528
9eff51,0.9072562456130981,0.6234691739082336,0.8883895334603176
9eff71,0.8483935594558716,0.5863728523254395,0.8417138931174698
a06351,0.8928414583206177,0.5891678333282471,0.8808410869539474
a06671,0.7828758358955383,0.5186460018157959,0.7889994180135136
a46071,0.8273524641990662,0.4723986089229584,0.8176575049802083
a54431,0.8701284527778625,0.6014612913131714,0.8356652380411184
a54451,0.8571180701255798,0.5540869235992432,0.8453967514752604
a54c51,0.8547613620758057,0.5648934841156006,0.8576747775270522
a5971,0.848768949508667,0.5557984709739685,0.8724438639857954
a7971,0.8652777671813965,0.5780239105224609,0.8882132732786459
a97b31,0.9140625,0.6668090224266052,0.9093191711590909
a97b51,0.8913825750350952,0.6078057885169983,0.8879685625378788
a97b91,0.8428516983985901,0.5449705123901367,0.8322037137098625
acf51,0.9085278511047363,0.707421064376831,0.899541934835
acf71,0.8425409197807312,0.5843152403831482,0.8770889864140624
add071,0.8536713719367981,0.5666138529777527,0.8531686421363637
b00231,0.9155578017234802,0.6856693029403687,0.906067850266129
b2c051,0.8913949131965637,0.6568912863731384,0.8779305585271738
b31331,0.9205818772315979,0.7154091000556946,0.8912608741681034
b31391,0.7837912440299988,0.5209032893180847,0.771883026537088
b33671,0.8299638628959656,0.572709321975708,0.8054796042142858
b60491,0.8220646977424622,0.5993462800979614,0.8355396246097329
b63991,0.7794833183288574,0.5029076933860779,0.7863204170929999
b68c71,0.8060883283615112,0.5704362988471985,0.7810758502246767
ba0911,0.923023521900177,0.7098392844200134,0.914466647003205
bc351,0.8586397171020508,0.6333708763122559,0.85185665278125
bd6a31,0.8973914384841919,0.600679874420166,0.8782241925183824
bd6a71,0.8442167043685913,0.5478538870811462,0.836970543674
c24b71,0.8083333373069763,0.5743080377578735,0.8199921959809524
c24b91,0.792778730392456,0.5480431318283081,0.7845639468657094
c2f171,0.8907551765441895,0.6384210586547852,0.875086407021875
c2f191,0.8805641531944275,0.5635697841644287,0.8517719158668478
c61b11,0.9456295371055603,0.781914234161377,0.9199865996657609
c64351,0.8768503665924072,0.5875256061553955,0.8662915409578805
ca0311,0.9167619347572327,0.7084102034568787,0.9123699738175
ca0391,0.809758722782135,0.5099365711212158,0.8103051715370814
ca3051,0.7715592384338379,0.5493215322494507,0.8064519266163603
ca3071,0.7831361889839172,0.550602912902832,0.803904957060414
cbcf91,0.829069972038269,0.5837462544441223,0.8181056674669643
cca871,0.8993788957595825,0.6428484320640564,0.885714571152174
ccac51,0.9114773869514465,0.6748037338256836,0.8944113397884615
ce4271,0.7856965065002441,0.5664721131324768,0.7573030825825267
d0eb31,0.9490862488746643,0.8434758186340332,0.9113267181578948
d0eb51,0.8905180096626282,0.6039345264434814,0.8931147062807017
d0f651,0.8645089864730835,0.590458333492279,0.8616254319107143
d27e31,0.8884285092353821,0.64495450258255,0.8800944913396739
d64491,0.7506413459777832,0.5331196784973145,0.7753816348384639
d73531,0.899821400642395,0.5870993733406067,0.8922327756928571
d75171,0.8580243587493896,0.5650715231895447,0.8322997223484523
d77191,0.8612107634544373,0.5758376717567444,0.855730482295082
d77f11,0.9186508059501648,0.7528376579284668,0.9008148691180556
d77f51,0.8615210652351379,0.54562908411026,0.8559258754307228
d79091,0.7517929673194885,0.5059559345245361,0.7632430043847546
d7c951,0.9021139740943909,0.5937596559524536,0.8896652999227941
d88891,0.7952691316604614,0.600235641002655,0.7854072440000001
d8f591,0.7166786193847656,0.5290283560752869,0.7389053575064286
da1971,0.704679012298584,0.5078964829444885,0.7308673325212356
da1991,0.7353678941726685,0.4840022623538971,0.739926761454106
dda31,0.8898090124130249,0.6850197911262512,0.89433339648125
dead91,0.7974246144294739,0.5684897303581238,0.7639757930828709
e1ff51,0.8694824576377869,0.5770925879478455,0.8669046119375
e29891,0.7890395522117615,0.5606545805931091,0.8049926949439338
e2ba71,0.8088643550872803,0.5944664478302002,0.8309488303423203
e2ba91,0.7561331987380981,0.5004454255104065,0.7722806973462194
e34871,0.8312944173812866,0.5332533717155457,0.824409627089455
e3a091,0.7658474445343018,0.526227593421936,0.7661889479908854
e4dc91,0.7776657938957214,0.5244796276092529,0.7856092344335013
e5cd11,0.8627638816833496,0.5875582695007324,0.8442975857891667
e5cd51,0.8038485646247864,0.5217917561531067,0.8088008078687977
e68d31,0.90283203125,0.7034662961959839,0.9007046041210938
e72b71,0.8243799805641174,0.5344350934028625,0.814063660097619
e7ca11,0.9079670310020447,0.7191778421401978,0.9071070872884616
e7ca31,0.8802257180213928,0.657431960105896,0.88464513508125
e8c891,0.730867862701416,0.49965715408325195,0.7471702590062814
e91551,0.8310503363609314,0.564715564250946,0.8199870533010416
e91571,0.7828472256660461,0.5120588541030884,0.786782856520849
e97011,0.9278045296669006,0.6676865220069885,0.9094774519326924
eb2851,0.8441789150238037,0.536611020565033,0.8374798031654411
eb2891,0.7466408014297485,0.5292305946350098,0.7554005498788761
f0ea71,0.8689437508583069,0.5666341185569763,0.8629753980421512
f12411,0.9523771405220032,0.7841083407402039,0.9165188150352563
f27951,0.8184774518013,0.5701908469200134,0.8090887511156543
f27991,0.7619978189468384,0.4966108500957489,0.7591255981454386
f2f111,0.9312257766723633,0.7546705603599548,0.9260595995377907
f53251,0.8942460417747498,0.6055242419242859,0.874685575672619
f58371,0.7761616110801697,0.4217376112937927,0.7892251737578534
f59b91,0.8537977337837219,0.5312406420707703,0.8317672019544271
f91e51,0.8950827717781067,0.5360594987869263,0.8903588592279412
f91e71,0.87101811170578,0.5122314095497131,0.8710829885359196
f98891,0.7343315482139587,0.5516743659973145,0.7443702082552669
fa3331,0.9168767929077148,0.6688362956047058,0.9062821150882352
fa9591,0.7280239462852478,0.48330315947532654,0.7502353308692006
fb71,0.8591049313545227,0.5631513595581055,0.8794853634189814
fdd351,0.9194075465202332,0.6544449925422668,0.8827883949563954
ff8311,0.9162582159042358,0.701606035232544,0.9129662906862744
ff8351,0.8098640441894531,0.5285597443580627,0.8091806763963414
ff8371,0.8086271286010742,0.5145136117935181,0.8183397883974359
