gap_bin,n,obs_reset,obs_roll,obs_alt,model_reset,model_roll
"(0.0, 0.1]",19.0,0.0,0.01639344262295082,0.9836065573770492,0.0033588005790482446,0.0570486045000676
"(0.1, 0.15]",180.0,0.0,0.005714285714285714,0.9942857142857143,0.004980811035588964,0.1586819525237252
"(0.15, 0.2]",369.0,0.0004297378599054577,0.02556940266437473,0.9740008594757198,0.007525985453112874,0.2782994839415901
"(0.2, 0.3]",1095.0,0.006413870876797293,0.42867211728221033,0.5649140118409924,0.017046159792666372,0.4443307400904557
"(0.3, 0.4]",2190.0,0.03573178413942745,0.585182333589977,0.37908588227059564,0.03930118418720357,0.5056329422514245
"(0.4, 0.5]",1390.0,0.12000445285539352,0.4833574529667149,0.3966380941778916,0.09625759522290125,0.47355055401141194
"(0.5, 0.65]",1154.0,0.22376923589367798,0.43448138032109784,0.3417493837852242,0.22641816293635514,0.39015027456105517
"(0.65, 0.8]",972.0,0.44892999921611665,0.24629615113271144,0.3047738496511719,0.44281658584662076,0.27967692211617634
"(0.8, 1.01]",1150.0,0.6196415235250187,0.1895444361463779,0.19081404032860344,0.5919690674691024,0.17473384294582878
