gap_bin,n,obs_reset,obs_roll,model_reset,model_roll,prod_flag_rate,corpus_repeat_rate
"(0.0, 0.1]",77939.0,0.0,0.0007633249652589278,0.0032403091326544953,0.05031414687807541,0.00023094984539190905,0.0006598695787185592
"(0.1, 0.15]",286483.0,3.207888840235908e-06,0.0004191641417908253,0.004769900060657259,0.14557504113814307,0.0012740721089907604,0.0017091125653251014
"(0.15, 0.2]",319143.0,6.184780302331091e-06,0.0004519647144011182,0.007364948860933838,0.27218547422506806,0.0015666958072086807,0.0019138695336685773
"(0.2, 0.3]",340127.0,7.359703970404176e-05,0.0029255938389018787,0.015523577908255566,0.42905134091865677,0.005327421815968741,0.0055010173317689695
"(0.3, 0.4]",255105.0,0.0009697556887330913,0.011165712910114079,0.03792439232246038,0.504888133628767,0.015523019932968778,0.016515988251432006
"(0.4, 0.5]",138344.0,0.003589889684995414,0.010144457380489334,0.09240889476394222,0.47651549078214595,0.01658185392933557,0.017221417180639194
"(0.5, 0.65]",105109.0,0.008201790403195556,0.009946282110885657,0.2179703333626564,0.39479341265530804,0.018875643379729613,0.0200894142026594
"(0.65, 0.8]",65902.0,0.019812102630679083,0.008925414828939209,0.42925647202038797,0.2865222452301159,0.02553791994173166,0.027271201184244663
"(0.8, 1.01]",52002.0,0.033797067003213235,0.009299226892296914,0.5839373420211401,0.18313511655645037,0.03880619976154763,0.04081948801363231
